{"train_loss": [0.07859290488245209, 0.056927236241121955], "val_loss": [0.118006235275131, 0.05341402706331932]}